{
    "id": "cdd0c726-6038-4c73-b413-342c5b393f17",
    "created": 1717817280504,
    "authorName": "electron",
    "changelog": [
        {
            "message": "created op",
            "type": "",
            "author": "electron",
            "date": 1717817280505
        }
    ],
    "layout": {
        "portsIn": [
            {
                "type": 1,
                "name": "Trigger"
            },
            {
                "type": 0,
                "name": "Number Of Words",
                "subType": "integer"
            },
            {
                "type": 5,
                "name": "Separator"
            }
        ],
        "portsOut": [
            {
                "type": 5,
                "name": "Results String"
            },
            {
                "type": 3,
                "name": "name"
            },
            {
                "type": 1,
                "name": "Finished"
            }
        ]
    }
}
