{
    "id": "3c5352e3-943b-471b-82ad-88d473cfc316",
    "created": 1717648199916,
    "authorName": "electron",
    "changelog": [
        {
            "message": "created op",
            "type": "",
            "author": "electron",
            "date": 1717648199916
        }
    ],
    "layout": {
        "portsIn": [
            {
                "type": 1,
                "name": "Toggle Server",
                "group": "Connection"
            },
            {
                "type": 0,
                "name": "Port",
                "group": "Connection",
                "subType": "integer"
            },
            {
                "type": 5,
                "name": "Message",
                "group": "Messaging"
            },
            {
                "type": 1,
                "name": "Broadcast Message",
                "group": "Messaging"
            },
            {
                "type": 5,
                "name": "Target Client ID",
                "group": "Messaging"
            },
            {
                "type": 1,
                "name": "Send Message To Client ID",
                "group": "Messaging"
            }
        ],
        "portsOut": [
            {
                "type": 0,
                "name": "Running",
                "subType": "boolean"
            },
            {
                "type": 1,
                "name": "Server Started"
            },
            {
                "type": 1,
                "name": "Server Stopped"
            },
            {
                "type": 1,
                "name": "Client Connected"
            },
            {
                "type": 1,
                "name": "Client Disconnected"
            },
            {
                "type": 0,
                "name": "Total Clients",
                "subType": "number"
            },
            {
                "type": 3,
                "name": "Connected Clients"
            },
            {
                "type": 1,
                "name": "Received Data"
            },
            {
                "type": 5,
                "name": "Raw Data"
            },
            {
                "type": 5,
                "name": "Client ID"
            },
            {
                "type": 0,
                "name": "Valid JSON",
                "subType": "boolean"
            }
        ]
    }
}
